name,smiles,enzyme,som_smiles,source,label,Approval_Year
Avacopan,CC1=C(C(=CC=C1)F)C(=O)N2CCC[C@@H]([C@@H]2C3=CC=C(C=C3)NC4CCCC4)C(=O)NC5=CC(=C(C=C5)C)C(F)(F)F,CYP2D6,CC1=C(C(=O)N2CCC[C@H](C(=O)NC3=CC(C(F)(F)F)=C([CH3:1])C=C3)[C@@H]2C2=CC=C(NC3CCCC3)C=C2)C(F)=CC=C1,https://www.pmda.go.jp/files/000250305.pdf,1,2021.0
Avacopan,CC1=C(C(=CC=C1)F)C(=O)N2CCC[C@@H]([C@@H]2C3=CC=C(C=C3)NC4CCCC4)C(=O)NC5=CC(=C(C=C5)C)C(F)(F)F,CYP3A4,CC1=C(C(=O)N2CCC[C@H](C(=O)NC3=CC(C(F)(F)F)=C([CH3:1])C=C3)[C@@H]2C2=CC=C(NC3CCCC3)C=C2)C(F)=CC=C1,https://www.pmda.go.jp/files/000250305.pdf,1,2021.0
mobocertinib,CC(C)OC(=O)C1=CN=C(N=C1C2=CN(C3=CC=CC=C32)C)NC4=C(C=C(C(=C4)NC(=O)C=C)N(C)CCN(C)C)OC,CYP3A4,CC(C)OC(=O)C1=CN=C(NC2=C(OC)C=C(N(C)CCN([CH3:1])[CH3:1])C(NC(=O)C=C)=C2)N=C1C1=CN([CH3:1])C2=CC=CC=C12,10.1007/s00044-022-02952-5,1,2021.0
futibatinib,COC1=CC(=CC(=C1)C#CC2=NN(C3=NC=NC(=C23)N)[C@H]4CCN(C4)C(=O)C=C)OC,CYP3A4,[CH3:1]OC1=CC(O[CH3:1])=CC(C#CC2=NN([C@H]3CCN(C(=O)[CH:1]=[CH2:1])C3)C3=NC=NC(N)=C23)=C1,10.1002/cpdd.1271;10.1002/cpdd.1259;10.1124/dmd.122.000895,1,2022.0
palovarotene,CC1(CCC(C2=C1C=C(C(=C2)/C=C/C3=CC=C(C=C3)C(=O)O)CN4C=CC=N4)(C)C)C,CYP3A4,CC1(C)[CH2:1][CH2:1]C(C)(C)C2=C1C=C(CN1C=CC=N1)C(/C=C/C1=CC=C(C(=O)O)C=C1)=C2,https://www.ema.europa.eu/system/files/documents/assessment-report/sohonos-epar-refusal-public-assessment-report_ar-en.pdf,1,2023.0
Vamorolone,C[C@@H]1C[C@H]2[C@@H]3CCC4=CC(=O)C=C[C@@]4(C3=CC[C@@]2([C@]1(C(=O)CO)O)C)C,CYP3A4,C[C@@H]1C[C@H]2[C@@H]3[CH2:1][CH2:1]C4=CC(=O)C=C[C@]4(C)C3=CC[C@]2(C)[C@]1(C(=O)CO)O,10.1002/dta.3819,1,2023.0
seladelpar,CCO[C@H](COC1=CC=C(C=C1)C(F)(F)F)CSC2=CC(=C(C=C2)OCC(=O)O)C,CYP2C8,CCO[C@H](COC1=CC=C(C(F)(F)F)C=C1)C[S:1]C1=CC(C)=C(OCC(=O)O)C=C1,https://www.accessdata.fda.gov/drugsatfda_docs/nda/2024/217899Orig1s000IntegratedR.pdf,1,2024.0
seladelpar,CCO[C@H](COC1=CC=C(C=C1)C(F)(F)F)CSC2=CC(=C(C=C2)OCC(=O)O)C,CYP3A4,CCO[C@H](COC1=CC=C(C(F)(F)F)C=C1)C[S:1]C1=CC(C)=C(OCC(=O)O)C=C1,https://www.accessdata.fda.gov/drugsatfda_docs/nda/2024/217899Orig1s000IntegratedR.pdf,1,2024.0
seladelpar,CCO[C@H](COC1=CC=C(C=C1)C(F)(F)F)CSC2=CC(=C(C=C2)OCC(=O)O)C,CYP2C9,C[CH2:1]O[C@H](COC1=CC=C(C(F)(F)F)C=C1)CSC1=CC(C)=C(OCC(=O)O)C=C1,https://www.accessdata.fda.gov/drugsatfda_docs/nda/2024/217899Orig1s000IntegratedR.pdf,1,2024.0
avutometinib,CC1=C(C(=O)OC2=C1C=CC(=C2)OC3=NC=CC=N3)CC4=C(C(=NC=C4)NS(=O)(=O)NC)F,CYP3A4,CC1=C(CC2=C(F)C(NS(=O)(=O)N[CH3:1])=NC=C2)C(=O)OC2=C1C=CC(OC1=NC=CC=N1)=C2,https://www.accessdata.fda.gov/drugsatfda_docs/nda/2025/219616Orig1s000MultidisciplineR.pdf,1,2025.0
defactinib,CNC(=O)C1=CC=C(C=C1)NC2=NC=C(C(=N2)NCC3=NC=CN=C3N(C)S(=O)(=O)C)C(F)(F)F,CYP2C9,[CH3:1]NC(=O)C1=CC=C(NC2=NC=C(C(F)(F)F)C(NCC3=NC=CN=C3N([CH3:1])S(=O)(=O)C)=N2)C=C1,https://www.accessdata.fda.gov/drugsatfda_docs/nda/2025/219616Orig1s000MultidisciplineR.pdf,1,2025.0
defactinib,CNC(=O)C1=CC=C(C=C1)NC2=NC=C(C(=N2)NCC3=NC=CN=C3N(C)S(=O)(=O)C)C(F)(F)F,CYP3A4,[CH3:1]NC(=O)C1=CC=C(NC2=NC=C(C(F)(F)F)C(NCC3=NC=CN=C3N([CH3:1])S(=O)(=O)C)=N2)C=C1,https://www.accessdata.fda.gov/drugsatfda_docs/nda/2025/219616Orig1s000MultidisciplineR.pdf,1,2025.0
Paltusotine,C1CN(CCC1N)C2=C3C=C(C=CC3=NC=C2C4=CC(=CC(=C4)F)F)C5=CC=CC(=C5O)C#N,UGT1A1,C1CN(C2=C(C3=CC(F)=CC(F)=C3)C=NC3=CC=C(C4=CC=CC(C#N)=C4[OH:1])C=C23)CCC1N,10.1002/bcp.70020,1,2025.0
Paltusotine,C1CN(CCC1N)C2=C3C=C(C=CC3=NC=C2C4=CC(=CC(=C4)F)F)C5=CC=CC(=C5O)C#N,UGT1A9,C1CN(C2=C(C3=CC(F)=CC(F)=C3)C=NC3=CC=C(C4=CC=CC(C#N)=C4[OH:1])C=C23)CCC1N,10.1002/bcp.70020,1,2025.0
remibrutinib,CC1=C(C=C(C=C1NC(=O)C2=C(C=C(C=C2)C3CC3)F)F)C4=C(C(=NC=N4)N)OCCN(C)C(=O)C=C,CYP3A4,CC1=C(C2=C(O[CH2:1]CN([CH3:1])C(=O)[CH:1]=[CH2:1])C(N)=NC=N2)C=C(F)C=C1NC(=O)C1=C(F)C=C(C2CC2)C=C1,https://www.pmda.go.jp/drugs/2026/P20260821002/300242000_30800AMX00145_A100_1.pdf,1,2025.0
aficamten,CCC1=NC(=NO1)C2=CC3=C(C=C2)[C@@H](CC3)NC(=O)C4=CN(N=C4)C,CYP2D6,C[CH2:1]C1=NC(C2=CC3=C(C=C2)[C@H](NC(=O)C2=CN(C)N=C2)CC3)=NO1,10.1002/prp2.70006,1,2025.0
aficamten,CCC1=NC(=NO1)C2=CC3=C(C=C2)[C@@H](CC3)NC(=O)C4=CN(N=C4)C,CYP2C9,C[CH2:1]C1=NC(C2=CC3=C(C=C2)[C@H](NC(=O)C2=CN(C)N=C2)CC3)=NO1,10.1002/prp2.70006,1,2025.0
aficamten,CCC1=NC(=NO1)C2=CC3=C(C=C2)[C@@H](CC3)NC(=O)C4=CN(N=C4)C,CYP3A4,C[CH2:1]C1=NC(C2=CC3=C(C=C2)[C@H](NC(=O)C2=CN(C)N=C2)CC3)=NO1,10.1002/prp2.70006,1,2025.0
Mitapivat,C1CC1CN2CCN(CC2)C(=O)C3=CC=C(C=C3)NS(=O)(=O)C4=CC=CC5=C4N=CC=C5,CYP3A4,C1CC1[CH2:1]N1CCN(C(=O)C2=CC=C(NS(=O)(=O)C3=CC=CC4=C3N=CC=C4)C=C2)CC1,https://www.accessdata.fda.gov/drugsatfda_docs/nda/2022/216196Orig1s000IntegratedR.pdf,1,2026.0
Vericiguat,COC(=O)NC1=C(N=C(N=C1N)C2=NN(C3=C2C=C(C=N3)F)CC4=CC=CC=C4F)N,UGT1A9,COC(=O)NC1=C([NH2:1])N=C(C2=NN(CC3=CC=CC=C3F)C3=C2C=C(F)C=N3)N=C1[NH2:1],https://www.accessdata.fda.gov/drugsatfda_docs/nda/2021/214377Orig1s000IntegratedR.pdf,1,2021.0
Vericiguat,COC(=O)NC1=C(N=C(N=C1N)C2=NN(C3=C2C=C(C=N3)F)CC4=CC=CC=C4F)N,UGT1A1,COC(=O)NC1=C([NH2:1])N=C(C2=NN(CC3=CC=CC=C3F)C3=C2C=C(F)C=N3)N=C1[NH2:1],https://www.accessdata.fda.gov/drugsatfda_docs/nda/2021/214377Orig1s000IntegratedR.pdf,1,2021.0
Tapinarof,CC(C)C1=C(C=C(C=C1O)/C=C/C2=CC=CC=C2)O,UGT1A9,CC(C)C1=C([OH:1])C=C(/C=C/C2=CC=CC=C2)C=C1[OH:1],https://www.accessdata.fda.gov/drugsatfda_docs/nda/2022/215272Orig1s000MultidisciplineR.pdf,1,2022.0
