Reaction name,SMIRKS,Priority level,Name of rule subset,Score atom map
aliphatic hydroxylation,[C;X4:1][H:2]>>[C:1][O][H:2],common,CYP,1
aliphatic hydroxylation with allylic rearrangement 1,[C;!$(C(=C)CC=C);X3:1]=[C;X3:2][C;!$(C(C=C)C=C);X4:3]([H])>>[C:1](O)-[C:2]=[C:3],uncommon,CYP,
aliphatic hydroxylation with allylic rearrangement 2,[C;X3:1]=[C;X3:2][C;$(C(C=C)C=C)X4:3]([H])([H])>>[C:1](O)-[C:2]=[C:3],uncommon,CYP,
aromatic hydroxylation,[c:1][H:2]>>[c:1][O][H:2],common,CYP,1
aromatic hydroxylation with nih shift,"[c:1]([H:5])[c;$(c1c([H])c([H])[c;H0]c([H])c([H])1):2][CH3,Br,Cl:3]>>[c:1]([*:3])[c:2][O][H:5]",uncommon,CYP,
aromatic hydroxylation of pyrazolone,"[#6;$([#6]1[#6](=O)[#7][#7][#6]:,=1),$([#6]1:,=[#6][#6](=O)[#7][#7]1):1][H:2]>>[#6:1][O][H:2]",common,CYP,1
hydroxylation of cyclopropane,[C:1]1[C:2][C:3]1[C:4]([H])>>[C:1](O)[C:2][C:3]=[C:4],uncommon,CYP,
amine hydroxylation,"[N;X3;+0;!$([N]-[C,S,P]=[O,S,N]):1]([H:3])[#6:2]>>[N:1]([O][H:3])[#6:2]",common,CYP,1
N-dealkylation,"[$([N;X3;+0]),$([nH0;X3;+0]):1]-[C;X4:2]([H])>>[#7:1][H].[C:2]=[O]",common,CYP,2
N-dealkylation of piperazine,[*;!#1:1][N;X3:2]1[C:3][C:4][N;X3:5][CH2][CH2]1>>[*:1][N:2][C:3][C:4][N:5],common,CYP,
N-dealkylation of morpholine,[N;X3;$(N1CCOCC1):1][CH2;$(C1NCCOC1)][CH2;$(C1OCCNC1)][O;$(O1CCNCC1):4]>>[N:1].[O:4],common,CYP,
S-dealkylation,[C:3][#16:1][C:2]([H])>>[C:3][#16:1]([H]).[C:2]=[O],common,CYP,2
O-dealkylation of methylenedioxyphenyl,[O$(O1c2ccccc2OC1):1][C:2]([H])([H])[O$(O1c2ccccc2OC1):3]>>[O:1]([H]).[C:2](=O)[O-].[O:3]([H]),common,CYP,2
S-oxidation,[#16;!$([#16](~[O])(~[O])):1]>>[#16:1](=[O]),common,CYP,1
N-oxidation,"[#7;!a;X3,X2;H0;!$([#7]-[C,S,P]=[O,S,N]);!$([#7]=[O]);!$([#7]=[#7]):1][#6:2]>>[#7+:1]([O-])[#6:2]",common,CYP,1
aromatic N-oxidation,[n;X2;H0;+0:1]>>[n+:1]([O-]),common,CYP,1
P-oxidation,[#15;X3:1]>>[#15;X4:1]=[O],common,CYP,1
aldehyde oxidation,[C:1]([H])=[O:2]>>[C:1](O)=[O:2],common,CYP,1
aldehyde oxidation to olefin,[C:1]([H])[C:2]([H])[C:3]([H])=[O:4]>>[C:1]=[C:2].[C:3](O)=[O:4],uncommon,CYP,3
alcohol oxidation,[C:1]([H])[O:2][H]>>[C:1]=[O:2],common,CYP,1
olefin oxidation,[C:1]([C:3])([C:4])=[C:2]([C:5])([C:6])>>[C:1](=O)([C:3])[C:2]([C:4])([C:5])([C:6]),common,CYP,
"acetylene oxidation, first step",[#6:3][C:1]#[C:2][#6:4]>>[#6:3][C:1]([#6:4])=[C:2](=O),common,CYP,
"acetylene oxidation, complete oxidation",[#6:3][C:1]#[C:2][#6:4]>>[#6:3][C:1]([#6:4])[C:2](=O)[O],common,CYP,
oxidation of 4-substituted phenol to quinone,[c:1]1([O:7][H])[c:2][c:3][c;X3:4]([!C;!#15;!#16:8])[c:5][c:6]1>>[C:1]1(=[O:7])-[C:2]=[C:3]-[C;X3:4](=O)-[C:5]=[C:6]-1.[!C:8],uncommon,CYP,
oxidation of 4-substituted anisole to quinone,[c:1]1([O:7][C:9])[c:2][c:3][c;X3:4]([!C;!#15;!#16:8])[c:5][c:6]1>>[C:1]1(=[O:7])-[C:2]=[C:3]-[C;X3:4](=O)-[C:5]=[C:6]-1.[!C:8].[C:9],uncommon,CYP,
oxidation of 4-substituted phenol to quinone (substituent not a leaving group),[c:1]1([O:7][H])[c:2][c:3][c;X3:4]([C:8])[c:5][c:6]1>>[C:1]1(=[O:7])-[C:2]=[C:3]-[C:4]([C:8])(O)-[C:5]=[C:6]-1,uncommon,CYP,
oxidation of 4-substituted phenol to quinone imine,[c:1]1([O:7][H])[c:2][c:3][c;X3:4]([N:8][H])[c:5][c:6]1>>[C:1]1(=[O:7])-[C:2]=[C:3]-[C;X3:4](=[N:8])-[C:5]=[C:6]-1,uncommon,CYP,
oxidation of 4-substituted anisole to quinone (substituent not a leaving group),[c:1]1([O:7][C:9])[c:2][c:3][c;X3:4]([C:8])[c:5][c:6]1>>[C:1]1(=[O:7])-[C:2]=[C:3]-[C:4]([C:8])(O)-[C:5]=[C:6]-1.[C:9],uncommon,CYP,
oxidation of indole,"[c;$(c1cc2ccccc2n1),$(c1c2ccccc2nc1):1]([H])=,:[c:2]-,:[n:3]>>[C:1](=[O])-[C:2]-[N:3]",uncommon,CYP,
epoxidation,[C:1]=[C:2]>>[C:1]1[C:2][O]1,common,CYP,
"oxidation of 1,4-dihydropyridines",[N;X3:1]1([H])[#6:2]=[#6:3][#6;X4:4]([H])[#6:5]=[#6:6]1>>[n;H0:1]1=[#6:2][#6:3]=[#6:4][#6:5]=[#6:6]1,common,CYP,
N-dearylation,[c;R1:1]1[c;R1:2][c;R1:3][c;R1:4][c;R1:5][c;R1:6]1[N:7][c:8]>>[C:1]1=[C:2]-[C:3]-[C:4]=[C:5]-[C:6]1=[O].[c:8][NH2:7],uncommon,CYP,
O-dearylation,[c;R1:1]1[c;R1:2][c;R1:3][c;R1:4][c;R1:5][c;R1:6]1[O:7][c:8]>>[C:1]1=[C:2]-[C:3]-[C:4]=[C:5]-[C:6]1=[O].[c:8][O:7],uncommon,CYP,
O-dearylation,[c;R1:1]1[c;R1:2][c;R1:3][c;R1:4][c;R1:5][c;R1:6]1[O:7][c;R1:8]2[c;R1:9][c;R1:10][c;R1:11][c;R1:12][c;R1:13]2>>[C:1]1=[C:2]-[C:3]-[C:4]=[C:5]-[C:6]1=[O:7].[C:8]2(=[O])-[C:9]=[C:10]-[C:11]-[C:12]=[C:13]-2,uncommon,CYP,
O-dearylation with para hydroxyl,[c;R1:1]1[c;R1:2][c;R1:3]([O:20][H])[c;R1:4][c;R1:5][c;R1:6]1[O:7][c:8]>>[C:1]1=[C:2]-[C:3](=[O:20])-[C:4]=[C:5]-[C:6]1=[O].[c:8][O:7],uncommon,CYP,
O-dearylation with para hydroxyl,[c;R1:1]1[c;R1:2][c;R1:3]([O:20][H])[c;R1:4][c;R1:5][c;R1:6]1[O:7][c;R1:8]2[c;R1:9][c;R1:10][c;R1:11][c;R1:12][c;R1:13]2>>[C:1]1=[C:2]-[C:3](=[O:20])-[C:4]=[C:5]-[C:6]1=[O:7].[C:8]2(=[O])-[C:9]=[C:10]-[C:11]-[C:12]=[C:13]-2,uncommon,CYP,
deformylation,[C:1]([H])-[C:2]([H])-[C:3]=[O:4]>>[C:1]=[C:2].[C:3]=[O:4],uncommon,CYP,
desulfuration of phosphor,[*:1][P:2](=[S:5])([*:3])[*:4]>>[*:1][P:2](=O)([*:3])[*:4],common,CYP,5
desulfuration of carbon,[*:1][C:2](=[S:4])[*:3]>>[*:1][C:2](=O)[*:3],uncommon,CYP,4
reduction of N-oxide,[#7+;X4:1]([O-])>>[#7;X3:1],uncommon,CYP,1
reduction of RNOR,"[#8;$([#8][#6]):1][#7:2]:,=[#6:3]>>[#8:1]([H]).[#7:2]([H])([H])-[#6:3]([H])",uncommon,CYP,
reduction of RNOR,[#8;$([#8][#6]):1][#7:2][#6;!X4:3]>>[#8:1]([H]).[#7:2].[#6:3]=[O],uncommon,CYP,
reduction of RNOR,[#8;$([#8][#6]):1][#7;$([#7][#6]):2]>>[#8:1]([H]).[#7:2]([H]),uncommon,CYP,
reduction of nitro group,[N;X3:1](=O)=[O]>>[NH2:1],uncommon,CYP,1
reduction of nitro group,[N+;X3:1](=O)[O-]>>[NH2:1],uncommon,CYP,1
reduction of C- or N-nitroso compound,"[C,N:1][N;X2:2](=O)>>[C,N:1][N;H2:2]",uncommon,CYP,2
azo reduction,[#6:1][N:2]=[N:3][#6:4]>>[#6:1][NH2:2].[NH2:3][#6:4],uncommon,CYP,
hydrazine reduction,[NX3:1]-[NX3:2]>>[N:1]([H]).[N:2]([H]),uncommon,CYP,
oxidative dehalogenation alkyl,"[C;X4:1]([H])[F,Cl,Br:2]>>[C:1]=[O].[F,Cl,Br:2]",common,CYP,1
oxidative dehalogenation benzyl,"[c;$([c;!H]1ccccc1),$(c1[c;!H]cccc1),$(c1c[c;!H]ccc1),$(c1cc[c;!H]cc1),$(c1ccc[c;!H]c1),$(c1cccc[c;!H]1):1][F,Cl,Br,I:2]>>[c:1][O].[F,Cl,Br,I:2]",uncommon,CYP,1
reductive dehalogenation,"[C:1]([F,Cl,Br:3])[C:2]([F,Cl,Br:4])>>[C:1]=[C:2].[*:3].[*:4]",uncommon,CYP,
alkyl dehydrogenation,"[C;X4;!$([C]-[O,N,S]):1]([H])-[C;X4;!$([C]-[O,N,S]):2]([H])>>[C:1]=[C:2]",uncommon,CYP,
dehydration of N-C bond,[N;X3:1]([H])[C;!H3:2][H]>>[N:1]=[C:2],uncommon,CYP,2
dehydration of N-C bond,"[#7;X3:1]([H]):,-[#6;!H3:2]([H]):,=[#6:3]-[C:4]([H])>>[#7:1]=[#6:2]-[#6:3]=[C:4]",uncommon,CYP,2
dehydration of N-C bond,[N;X3:1][C:2][H]>>[N+:1]=[C:2],uncommon,CYP,2
oxidative ether cleavage to one alcohol and one aldehyde/ketone,"[#6:1][O;X2;+0;!$([O]-[C,S,P]=[O,S,N]):2][C;X4:3]([H])>>[#6:1][O;H1:2].[C;X3:3](=O)",common,CYP,3
oxidative ester cleavage,[C$(C(O)([#6])=O):2][O:3][C:4][H]>>[C:2][O:3].[C:4]=[O],uncommon,CYP,4
monothiophosphate ester cleavage,[S:1]=[P$(P(O)(O)=S):2][O:3][#6:4]>>[S:1]=[P:2][O:3].[#6:4][O],uncommon,CYP,4
monothiophosphate ester cleavage,[S:1]=[P$(P(O)(O)=S):2][O:3][#6:4]>>[S:1].[O]=[P:2][O:3].[#6:4][O],uncommon,CYP,
phosphoester cleavage,[O:1]=[P$(P(O)(O)=O):2][O:3][#6:4]>>[O:1]=[P:2][O:3].[#6:4][O],uncommon,CYP,4
carbamate cleavage,[#7:1][C;$([C](O)=O):2][O:3][C:4]>>[#7:1][H].[C:2]=[O:3].[C:4][O],uncommon,CYP,4
carbamide cleavage,[N:1][C;$([C](N)(N)=O):2][N:3]>>[N:1][C:2].[N:3],uncommon,CYP,
oxidation of N-nitrosamine,[N$(N(C)C):1]([C:3][H])[N$(N(N)=O):2]>>[N:1]([H])([H]).[N:2]([O-]).[C:3](=O),uncommon,CYP,3
scission of unsaturated fatty acid peroxides 1,[C:1]([H])=[C:2]-[C:3]=[C:4]-[C:5]-[O:6]([O])>>[C:1]=[C:2][C:3](O)[C:4]1-[C:5]-[O:6]1,uncommon,CYP,
scission of unsaturated fatty acid peroxides 2,[C:1]([H])=[C:2]-[C:3]=[C:4]-[C:5]-[O:6]([O])>>[C:1]([O])[C:2]=[C:3][C:4]1-[C:5]-[O:6]1,uncommon,CYP,
dehydration of an aldoxime to a nitrile,[C:1]([H])=[N:2][O]([H])>>[C:1]#[N:2],uncommon,CYP,
cyclization to 6-membered lactone,[C:1]([H])([OH])[#6:2][#6:3][#6:4][C;$(C=O):5][O:6][*:7]>>[C:1]1[#6:2][#6:3][#6:4][C;$(C=O):5][O:6]1.[*:7],uncommon,CYP,1
cyclization to 5-membered lactone,"[C:1]([H])[c:2][c:3][C;$(C=O):4][O:5][C,#1:6]>>[C:1]1[c:2][c:3][C:4][O:5]1.[*:6]",uncommon,CYP,1
cyclization to 6-membered NCN ring,[N;X3:1]([H])~[*:2]~[*:3]~[*:4]~[N:5]-[C:6]([H])>>[N:1]1~[*:2]~[*:3]~[*:4]~[N:5]-[C:6]1,uncommon,CYP,6
cyclization to 5-membered NCN ring,[N;X3:1]([H])~[*:2]~[*:3]~[N:5]-[C:6]([H])>>[N:1]1~[*:2]~[*:3]~[N:5]-[C:6]1,uncommon,CYP,6
cyclization to furan,[O:1]=[C;R1:2][C;R1:3]=[C:4][C:5]([H])[H]>>[O:1]1[C:2]=[C:3][C:4]=[C:5]1,uncommon,CYP,
cyclobutamine expansion,[C:1]1-[C:2]-[C:3]-[C$(C1(C)CCC1):4]1[N:5]([H])>>[C:1]1-[C:2]-[C:3]-[C:4]=[N+:5]1,uncommon,CYP,
D-homoannulation of 17 alpha-ethinyl steroids,[C$([#6R1]~1~[#6R1]~[#6R1]~[#6R2]~2~[#6R2]~1~[#6R1]~[#6R1]~[#6R2]~3~[#6R2]~2~[#6R1]~[#6R1]~[#6R2]~4~[#6R1]~[#6R1]~[#6R1]~[#6R1]~[#6R2]~3~4):1]1([O:6][H])([C:7]#[C:8])[C:2][C:3][C:4][C:5]1>>[C:1]1(=[O:6])[C:7](=[C:8](O))[C:2][C:3][C:4][C:5]1,uncommon,CYP,
"oxidation of spiro[2,5]oxane",[C:1]1[C:2]2([C:3][C:4]2)[C:5]([H])[C:6][C:7][C:8]1>>[C:1]1[C:2]2(O)[C:3][C:4][C:5]2[C:6][C:7][C:8]1,uncommon,CYP,
O-glucuronidation_(aliphatic_hydroxyl),[C;!$(C1CCOCC1);!$(C1COCCC1);!$(C(O)=O):1][O:2]([H])>>[C:1][O:2][C@H]1[C@@H]([C@H]([C@@H]([C@H](O1)C(=O)O)O)O)O,common,UGT,
O-glucuronidation_(aromatic_hydroxyl),[c:1][O:2]([H])>>[c:1][O:2][C@H]1[C@@H]([C@H]([C@@H]([C@H](O1)C(=O)O)O)O)O,common,UGT,
O-glucuronidation_(N-hydroxyl),[#7:1][O:2]([H])>>[#7:1][O:2][C@H]1[C@@H]([C@H]([C@@H]([C@H](O1)C(=O)O)O)O)O,common,UGT,
O-glucuronidation_(aliphatic_carboxyl),[C:1][C;!$(C(O)(=O)C1OCCCC1):2](=O)[O]([H])>>[C:1][C:2](=O)O[C@H]1[C@@H]([C@H]([C@@H]([C@H](O1)C(=O)O)O)O)O,common,UGT,
O-glucuronidation_(aromatic_carboxyl),[c:1][C:2](=O)[O]([H])>>[c:1][C:2](=O)O[C@H]1[C@@H]([C@H]([C@@H]([C@H](O1)C(=O)O)O)O)O,common,UGT,
N-glucuronidation_(aniline),[c:1][NH2;X3:2]([H])>>[c:1][N:2][C@H]1[C@@H]([C@H]([C@@H]([C@H](O1)C(=O)O)O)O)O,common,UGT,
N-glucuronidation_(aliphatic_NH2),[C:1][NH2;X3:2]([H])>>[C:1][N:2][C@H]1[C@@H]([C@H]([C@@H]([C@H](O1)C(=O)O)O)O)O,common,UGT,
N-glucuronidation_(aniline_NH1-R),[c:1][NH1;X3:2]([H])>>[c:1][N:2][C@H]1[C@@H]([C@H]([C@@H]([C@H](O1)C(=O)O)O)O)O,common,UGT,
N-glucuronidation_(N(CH3)2),[N;X3;$(N([CH3])([CH3])[CH2]C):1]>>[N+:1][C@H]1[C@@H]([C@H]([C@@H]([C@H](O1)C(=O)O)O)O)O,common,UGT,
N-glucuronidation_(NCH3_in_a_ring),[N;X3;R;$(N(C)(C)[CH3]):1]>>[N+:1][C@H]1[C@@H]([C@H]([C@@H]([C@H](O1)C(=O)O)O)O)O,common,UGT,
N-glucuronidation_(NH_in_a_ring),[NH1;X3;R;$(N(C)C):1]([H])>>[N:1][C@H]1[C@@H]([C@H]([C@@H]([C@H](O1)C(=O)O)O)O)O,common,UGT,
N-glucuronidation_(aromatic_=n-),[n;X2:1]>>[n+:1][C@H]1[C@@H]([C@H]([C@@H]([C@H](O1)C(=O)O)O)O)O,common,UGT,
N-glucuronidation_(aromatic_-nH-),[nH1;X3:1]([H])>>[n:1][C@H]1[C@@H]([C@H]([C@@H]([C@H](O1)C(=O)O)O)O)O,common,UGT,
"AOX aromatic hydroxylation (6-membered azaarene, adjacent N)",[c;$([cH]1:[n]:[a]:[a]:[a]:[a]:1):1][H:2]>>[c:1][O][H:2],common,AOX,
"AOX aromatic hydroxylation (6-membered azaarene, distal N)",[c;$([cH]1:[a]:[a]:[n]:[a]:[a]:1):1][H:2]>>[c:1][O][H:2],common,AOX,
"AOX aromatic hydroxylation (5-membered azaarene, adjacent N)",[c;$([cH]1:[n]:[a]:[a]:[a]:1):1][H:2]>>[c:1][O][H:2],common,AOX,
